"","Oeuvre","motifs","n","total","nrel","Balzac-Goriot","Flaubert-Bovary","Huysmans-Rebours"
"1","Huysmans-Rebours","NC de le NC",22,2016,0.0109126984126984,-0.5453,-0.7019,1.2551
"2","Balzac-Goriot","NC de le NC",16,2311,0.00692340977931631,-0.5453,-0.7019,1.2551
"3","Balzac-Goriot","le NC de le",15,2311,0.00649069666810904,0.3307,-0.4036,0.4636
"4","Huysmans-Rebours","le NC de le",15,2016,0.00744047619047619,0.3307,-0.4036,0.4636
"5","Flaubert-Bovary","NC de le NC",14,2173,0.00644270593649333,-0.5453,-0.7019,1.2551
"6","Flaubert-Bovary","de le NC ,",13,2173,0.00598251265531523,-0.9549,0.7737,0.3379
"7","Flaubert-Bovary","le NC de le",13,2173,0.00598251265531523,0.3307,-0.4036,0.4636
"8","Huysmans-Rebours",", à le NC",10,2016,0.00496031746031746,-1.7327,-0.5877,2.6603
"9","Huysmans-Rebours","de le NC ,",10,2016,0.00496031746031746,-0.9549,0.7737,0.3379
"10","Balzac-Goriot",", de le NC",8,2311,0.00346170488965816,1.2973,-0.4955,-0.7425
"11","Huysmans-Rebours","le NC de NC",8,2016,0.00396825396825397,-1.1472,0.4036,0.7869
"12","Balzac-Goriot","de le NC ,",7,2311,0.00302899177845089,-0.9549,0.7737,0.3379
"13","Flaubert-Bovary","de le NC de",7,2173,0.00322135296824666,-0.6826,0.8207,0.3477
"14","Flaubert-Bovary","le NC , VIMP",7,2173,0.00322135296824666,-1.9097,1.7008,0.423
"15","Flaubert-Bovary","le NC de NC",7,2173,0.00322135296824666,-1.1472,0.4036,0.7869
"16","Huysmans-Rebours",", le NC de",7,2016,0.00347222222222222,-0.6027,-0.9883,1.8914
"17","Huysmans-Rebours","ADJ NC de le",7,2016,0.00347222222222222,-1.3364,-1.2378,3.5621
"18","Huysmans-Rebours","NC de NC ,",7,2016,0.00347222222222222,-0.8478,-0.4088,1.3391
"19","Huysmans-Rebours","le NC et le",7,2016,0.00347222222222222,-0.489,-1.5917,2.2791
"20","Balzac-Goriot",". le NC de",6,2311,0.00259627866724362,2.6965,-1.0609,-0.9679
"21","Balzac-Goriot","NC , le NC",6,2311,0.00259627866724362,0.6481,-0.7471,-0.3359
"22","Balzac-Goriot","le NC de NP",6,2311,0.00259627866724362,0.8013,-1.1305,0.337
"23","Flaubert-Bovary","un NC de NC",6,2173,0.00276115968706857,-0.6826,0.5046,0.3477
"24","Huysmans-Rebours","ADJ et ADJ ,",6,2016,0.00297619047619048,-0.6491,-1.2378,2.3416
"25","Huysmans-Rebours","dans le NC ,",6,2016,0.00297619047619048,-2.1009,0.5356,1.0453
"26","Huysmans-Rebours","le ADJ NC de",6,2016,0.00297619047619048,-0.6491,-1.2378,2.3416
"27","Huysmans-Rebours","le NC ADJ ,",6,2016,0.00297619047619048,-0.3157,-0.4955,0.7286
"28","Huysmans-Rebours","à le NC ,",6,2016,0.00297619047619048,-0.9775,0.3458,0.7286
"29","Huysmans-Rebours","à le NC ADJ",6,2016,0.00297619047619048,-0.7934,-0.7137,1.8722
"30","Balzac-Goriot","ADJ , le NC",5,2311,0.00216356555603635,1.621,-0.457,-0.9679
"31","Balzac-Goriot","de le NC ADJ",5,2311,0.00216356555603635,0.4607,-0.6349,0.337
"32","Balzac-Goriot","de le NC NP",5,2311,0.00216356555603635,2.2468,-0.884,-0.8065
"33","Balzac-Goriot","le NC ADJ et",5,2311,0.00216356555603635,0.4607,-1.1305,0.6326
"34","Flaubert-Bovary","NC de DETPOSS NC",5,2173,0.00230096640589047,-1.9097,0.6676,0.7745
"35","Flaubert-Bovary","dans le NC ,",5,2173,0.00230096640589047,-2.1009,0.5356,1.0453
"36","Flaubert-Bovary","dans le NC .",5,2173,0.00230096640589047,-1.1454,1.744,-0.3997
"37","Flaubert-Bovary","de DETPOSS NC ,",5,2173,0.00230096640589047,-1.9097,0.6676,0.7745
"38","Flaubert-Bovary","un NC ADJ ,",5,2173,0.00230096640589047,0.3926,0.8351,-0.7487
"39","Flaubert-Bovary","à le NC ,",5,2173,0.00230096640589047,-0.9775,0.3458,0.7286
"40","Flaubert-Bovary","à le NC de",5,2173,0.00230096640589047,-1.7186,0.8351,0.532
"41","Huysmans-Rebours","ADJ , à le",5,2016,0.00248015873015873,-0.9544,-0.884,2.5436
"42","Huysmans-Rebours","NC , à le",5,2016,0.00248015873015873,-1.1454,-0.457,1.8951
"43","Huysmans-Rebours","NC de DETPOSS NC",5,2016,0.00248015873015873,-1.9097,0.6676,0.7745
"44","Huysmans-Rebours","NC et de NC",5,2016,0.00248015873015873,-0.3824,-1.4148,1.1797
"45","Huysmans-Rebours","NC et le NC",5,2016,0.00248015873015873,-0.3824,-1.4148,1.1797
"46","Huysmans-Rebours","de DETPOSS NC ,",5,2016,0.00248015873015873,-1.9097,0.6676,0.7745
"47","Huysmans-Rebours","de le NC .",5,2016,0.00248015873015873,-1.0949,0.3532,0.7745
"48","Huysmans-Rebours","le NC , de",5,2016,0.00248015873015873,-0.7226,-0.3282,0.6326
"49","Huysmans-Rebours","le NC ADJ et",5,2016,0.00248015873015873,0.4607,-1.1305,0.6326
"50","Huysmans-Rebours","un NC de NC",5,2016,0.00248015873015873,-0.6826,0.5046,0.3477
"51","Balzac-Goriot","NC , de le",4,2311,0.00173085244482908,0.3926,-0.4264,-0.3606
"52","Balzac-Goriot","NC ADJ , le",4,2311,0.00173085244482908,1.7972,-0.7071,-0.6452
"53","Balzac-Goriot","NC ADJ et ADJ",4,2311,0.00173085244482908,0.515,-1.4148,0.672
"54","Balzac-Goriot","NC en NC ,",4,2311,0.00173085244482908,0.6799,0.3649,-1.1294
"55","Balzac-Goriot","PPAS . le NC",4,2311,0.00173085244482908,0.9086,0.4928,-0.9679
"56","Balzac-Goriot","PRES le NC de",4,2311,0.00173085244482908,1.2434,-0.3383,-0.8065
"57","Balzac-Goriot","et le NC de",4,2311,0.00173085244482908,0.6799,-1.2378,0.4248
"58","Balzac-Goriot","le NC , le",4,2311,0.00173085244482908,0.3926,-0.4264,-0.3606
"59","Balzac-Goriot","le NC ADJ ,",4,2311,0.00173085244482908,-0.3157,-0.4955,0.7286
"60","Balzac-Goriot","le NC ADJ de",4,2311,0.00173085244482908,0.515,-0.7137,0.3242
"61","Balzac-Goriot","le NC de ce",4,2311,0.00173085244482908,1.2434,-0.884,0.3075
"62","Balzac-Goriot","le NC se PRES",4,2311,0.00173085244482908,1.7972,-0.7071,-0.6452
"63","Balzac-Goriot","par un NC ADJ",4,2311,0.00173085244482908,0.9086,-0.457,-0.3997
"64","Balzac-Goriot","un NC à NC",4,2311,0.00173085244482908,1.7972,-0.7071,-0.6452
"65","Flaubert-Bovary","NC . DETPOSS NC",4,2173,0.00184077312471238,-0.9544,1.3402,0.3075
"66","Flaubert-Bovary","de le NC .",4,2173,0.00184077312471238,-1.0949,0.3532,0.7745
"67","Flaubert-Bovary","de un NC ADJ",4,2173,0.00184077312471238,-0.9544,1.3402,0.3075
"68","Flaubert-Bovary","de un NC de",4,2173,0.00184077312471238,-1.1454,0.9957,-0.3997
"69","Flaubert-Bovary","le NC , de",4,2173,0.00184077312471238,-0.7226,-0.3282,0.6326
"70","Flaubert-Bovary","le NC . il",4,2173,0.00184077312471238,-0.9544,1.3402,0.3075
"71","Flaubert-Bovary","sur le NC de",4,2173,0.00184077312471238,-0.3791,1.3402,-0.8065
"72","Huysmans-Rebours",", PPRES le NC",4,2016,0.00198412698412698,-0.9544,-0.3383,1.4593
"73","Huysmans-Rebours",", dans le NC",4,2016,0.00198412698412698,-0.9544,-0.3383,1.4593
"74","Huysmans-Rebours",", un ADJ NC",4,2016,0.00198412698412698,-0.9544,-0.3383,1.4593
"75","Huysmans-Rebours",", à le NCCOR",4,2016,0.00198412698412698,-0.9544,-0.3383,1.4593
"76","Huysmans-Rebours","INF le NC de",4,2016,0.00198412698412698,-0.9544,-0.3383,1.4593
"77","Huysmans-Rebours","NC , le NC",4,2016,0.00198412698412698,0.6481,-0.7471,-0.3359
"78","Huysmans-Rebours","NC , un ADJ",4,2016,0.00198412698412698,-0.7634,-0.7071,2.0346
"79","Huysmans-Rebours","NC ADJ et ADJ",4,2016,0.00198412698412698,0.515,-1.4148,0.672
"80","Huysmans-Rebours","NC de NC et",4,2016,0.00198412698412698,-1.3364,0.3649,0.8555
"81","Huysmans-Rebours","NC de le NP",4,2016,0.00198412698412698,0.3184,-1.2378,0.8555
"82","Huysmans-Rebours","de NC , à",4,2016,0.00198412698412698,-0.7634,-0.7071,2.0346
"83","Huysmans-Rebours","de NC de NC",4,2016,0.00198412698412698,-0.9544,-0.3383,1.4593
"84","Huysmans-Rebours","de NC et de",4,2016,0.00198412698412698,0.3184,-0.5826,0.8555
"85","Huysmans-Rebours","de le NC ADJ",4,2016,0.00198412698412698,0.4607,-0.6349,0.337
"86","Huysmans-Rebours","de le NC de",4,2016,0.00198412698412698,-0.6826,0.8207,0.3477
"87","Huysmans-Rebours","le NC de NP",4,2016,0.00198412698412698,0.8013,-1.1305,0.337
"88","Huysmans-Rebours","à le NC de",4,2016,0.00198412698412698,-1.7186,0.8351,0.532
"89","Balzac-Goriot","ADJ et ADJ .",3,2311,0.00129813933362181,0.8802,-0.7071,0.4362
"90","Balzac-Goriot","NC . le NC",3,2311,0.00129813933362181,0.4388,-1.0609,0.5612
"91","Balzac-Goriot","NC ADJ , PPAS",3,2311,0.00129813933362181,0.613,-0.3383,-0.8065
"92","Balzac-Goriot","NC ADJ de le",3,2311,0.00129813933362181,0.4388,-1.0609,0.5612
"93","Balzac-Goriot","NC ADJ en NC",3,2311,0.00129813933362181,1.3477,-0.5303,-0.4838
"94","Balzac-Goriot","NC ADJ qui PRES",3,2311,0.00129813933362181,1.3477,-0.5303,-0.4838
"95","Balzac-Goriot","NC NP un NC",3,2311,0.00129813933362181,1.3477,-0.5303,-0.4838
"96","Balzac-Goriot","NC PRES le NC",3,2311,0.00129813933362181,1.3477,-0.5303,-0.4838
"97","Balzac-Goriot","NC de ce NC",3,2311,0.00129813933362181,0.8802,-0.7071,0.4362
"98","Balzac-Goriot","NC de le NP",3,2311,0.00129813933362181,0.3184,-1.2378,0.8555
"99","Balzac-Goriot","NC en NC ADJ",3,2311,0.00129813933362181,1.3477,-0.5303,-0.4838
"100","Balzac-Goriot","NC et de NC",3,2311,0.00129813933362181,-0.3824,-1.4148,1.1797
"101","Balzac-Goriot","NC et le NC",3,2311,0.00129813933362181,-0.3824,-1.4148,1.1797
"102","Balzac-Goriot","NC par un NC",3,2311,0.00129813933362181,1.3477,-0.5303,-0.4838
"103","Balzac-Goriot","NC être ADJ ,",3,2311,0.00129813933362181,0.8802,0.3881,-0.6452
"104","Balzac-Goriot","NP un ADJ NC",3,2311,0.00129813933362181,1.3477,-0.5303,-0.4838
"105","Balzac-Goriot","NP un NC ADJ",3,2311,0.00129813933362181,1.3477,-0.5303,-0.4838
"106","Balzac-Goriot","PRES le NC ,",3,2311,0.00129813933362181,0.8802,0.3881,-0.6452
"107","Balzac-Goriot","PRES le NC ADJ",3,2311,0.00129813933362181,1.3477,-0.5303,-0.4838
"108","Balzac-Goriot","ce NC être ADJ",3,2311,0.00129813933362181,1.3477,-0.5303,-0.4838
"109","Balzac-Goriot","de le ADJ NC",3,2311,0.00129813933362181,0.8802,-0.7071,0.4362
"110","Balzac-Goriot","de le NC PPAS",3,2311,0.00129813933362181,0.4388,-0.457,-0.3997
"111","Balzac-Goriot","de le NC de",3,2311,0.00129813933362181,-0.6826,0.8207,0.3477
"112","Balzac-Goriot","de le NC et",3,2311,0.00129813933362181,0.8802,-0.7071,0.4362
"113","Balzac-Goriot","elle PRES le NC",3,2311,0.00129813933362181,1.3477,-0.5303,-0.4838
"114","Balzac-Goriot","le ADJ NC ,",3,2311,0.00129813933362181,0.3184,0.3649,0.4248
"115","Balzac-Goriot","le NC NP ,",3,2311,0.00129813933362181,0.8802,-0.7071,0.4362
"116","Balzac-Goriot","le NC NP un",3,2311,0.00129813933362181,1.3477,-0.5303,-0.4838
"117","Balzac-Goriot","le NC PPAS ,",3,2311,0.00129813933362181,0.8802,-0.7071,0.4362
"118","Balzac-Goriot","le NC de NC",3,2311,0.00129813933362181,-1.1472,0.4036,0.7869
"119","Balzac-Goriot","le NC en NC",3,2311,0.00129813933362181,0.8802,0.3881,-0.6452
"120","Balzac-Goriot","par le NC ADJ",3,2311,0.00129813933362181,1.3477,-0.5303,-0.4838
"121","Balzac-Goriot","qui PRES un NC",3,2311,0.00129813933362181,1.3477,-0.5303,-0.4838
"122","Balzac-Goriot","un NC ADJ ,",3,2311,0.00129813933362181,0.3926,0.8351,-0.7487
"123","Balzac-Goriot","un NC de NC",3,2311,0.00129813933362181,-0.6826,0.5046,0.3477
"124","Balzac-Goriot","un NC en NC",3,2311,0.00129813933362181,0.8802,0.3881,-0.6452
"125","Balzac-Goriot","à INF le NC",3,2311,0.00129813933362181,0.3184,0.3649,0.4248
"126","Flaubert-Bovary",", de le NC",3,2173,0.00138057984353428,1.2973,-0.4955,-0.7425
"127","Flaubert-Bovary",", de un NC",3,2173,0.00138057984353428,-0.5725,1.428,-0.4838
"128","Flaubert-Bovary",", à le NC",3,2173,0.00138057984353428,-1.7327,-0.5877,2.6603
"129","Flaubert-Bovary",". il se VPS",3,2173,0.00138057984353428,-0.7634,0.9511,0.4362
"130","Flaubert-Bovary","DETPOSS NC , PPRES",3,2173,0.00138057984353428,-0.5725,1.428,-0.4838
"131","Flaubert-Bovary","DETPOSS NC de NC",3,2173,0.00138057984353428,0.3498,0.9511,-0.6452
"132","Flaubert-Bovary","DETPOSS NC le VIMP",3,2173,0.00138057984353428,-0.5725,1.428,-0.4838
"133","Flaubert-Bovary","INF à le NC",3,2173,0.00138057984353428,-0.5105,0.4928,-0.3997
"134","Flaubert-Bovary","NC . mais ,",3,2173,0.00138057984353428,-0.5725,1.428,-0.4838
"135","Flaubert-Bovary","NC de NC ,",3,2173,0.00138057984353428,-0.8478,-0.4088,1.3391
"136","Flaubert-Bovary","NC de NC ADJ",3,2173,0.00138057984353428,-0.7634,0.9511,0.4362
"137","Flaubert-Bovary","NC de NC et",3,2173,0.00138057984353428,-1.3364,0.3649,0.8555
"138","Flaubert-Bovary","NC en NC ,",3,2173,0.00138057984353428,0.6799,0.3649,-1.1294
"139","Flaubert-Bovary","NC à le NC",3,2173,0.00138057984353428,-0.9544,0.6752,0.3075
"140","Flaubert-Bovary","VIMP , on VIMP",3,2173,0.00138057984353428,-0.5725,1.428,-0.4838
"141","Flaubert-Bovary","VIMP de le NC",3,2173,0.00138057984353428,-0.5725,1.428,-0.4838
"142","Flaubert-Bovary","le NC , et",3,2173,0.00138057984353428,0.3498,0.9511,-0.6452
"143","Flaubert-Bovary","le NC ADJ ,",3,2173,0.00138057984353428,-0.3157,-0.4955,0.7286
"144","Flaubert-Bovary","le NC de DETPOSS",3,2173,0.00138057984353428,-0.9544,0.6752,0.3075
"145","Flaubert-Bovary","le NC de un",3,2173,0.00138057984353428,-0.9544,0.6752,0.3075
"146","Flaubert-Bovary","le NCCOR , et",3,2173,0.00138057984353428,0.3498,0.9511,-0.6452
"147","Flaubert-Bovary","on VIMP , on",3,2173,0.00138057984353428,-0.5725,1.428,-0.4838
"148","Flaubert-Bovary","sur DETPOSS NCCOR .",3,2173,0.00138057984353428,-0.5725,1.428,-0.4838
"149","Huysmans-Rebours",". le NC ,",3,2016,0.00148809523809524,0.4388,-0.457,0.5612
"150","Huysmans-Rebours","ADJ NC de NC",3,2016,0.00148809523809524,-0.5105,0.4928,0.5612
"151","Huysmans-Rebours","ADJ de le NC",3,2016,0.00148809523809524,0.4388,-0.457,0.5612
"152","Huysmans-Rebours","DETPOSS NC , ils",3,2016,0.00148809523809524,-0.5725,-0.5303,1.5257
"153","Huysmans-Rebours","NC , PPRES le",3,2016,0.00148809523809524,-0.5725,-0.5303,1.5257
"154","Huysmans-Rebours","NC , de NC",3,2016,0.00148809523809524,0.3498,-0.7071,1.0385
"155","Huysmans-Rebours","NC , de le",3,2016,0.00148809523809524,0.3926,-0.4264,-0.3606
"156","Huysmans-Rebours","NC , ils ne",3,2016,0.00148809523809524,-0.5725,-0.5303,1.5257
"157","Huysmans-Rebours","NC . le NC",3,2016,0.00148809523809524,0.4388,-1.0609,0.5612
"158","Huysmans-Rebours","NC ADJ de le",3,2016,0.00148809523809524,0.4388,-1.0609,0.5612
"159","Huysmans-Rebours","NC PPAS de NC",3,2016,0.00148809523809524,-0.3791,-0.884,0.7528
"160","Huysmans-Rebours","NC PPAS à le",3,2016,0.00148809523809524,-0.3791,-0.884,0.7528
"161","Huysmans-Rebours","PPAS de NC ,",3,2016,0.00148809523809524,0.3184,0.3649,0.4248
"162","Huysmans-Rebours","PPAS par DETPOSS NC",3,2016,0.00148809523809524,-0.5725,-0.5303,1.5257
"163","Huysmans-Rebours","VIMP , le NC",3,2016,0.00148809523809524,-0.5725,-0.5303,1.5257
"164","Huysmans-Rebours","dans le NC ADJ",3,2016,0.00148809523809524,-0.3791,-0.3383,0.7528
"165","Huysmans-Rebours","de le NC ;",3,2016,0.00148809523809524,0.4388,-0.457,0.5612
"166","Huysmans-Rebours","de le NP ,",3,2016,0.00148809523809524,-0.3791,-0.3383,0.7528
"167","Huysmans-Rebours","et ADJ , à",3,2016,0.00148809523809524,-0.5725,-0.5303,1.5257
"168","Huysmans-Rebours","et le NC de",3,2016,0.00148809523809524,0.6799,-1.2378,0.4248
"169","Huysmans-Rebours","le NC , ADJ",3,2016,0.00148809523809524,-0.3791,-0.3383,0.7528
"170","Huysmans-Rebours","le NC , VIMP",3,2016,0.00148809523809524,-1.9097,1.7008,0.423
"171","Huysmans-Rebours","le NC , ils",3,2016,0.00148809523809524,-0.5725,-0.5303,1.5257
"172","Huysmans-Rebours","le NC , le",3,2016,0.00148809523809524,0.3926,-0.4264,-0.3606
"173","Huysmans-Rebours","le NC ADJ de",3,2016,0.00148809523809524,0.515,-0.7137,0.3242
"174","Huysmans-Rebours","le NC NC de",3,2016,0.00148809523809524,-0.5725,-0.5303,1.5257
"175","Huysmans-Rebours","le NC être PPAS",3,2016,0.00148809523809524,-0.3791,-0.3383,0.7528
"176","Huysmans-Rebours","un ADJ NC de",3,2016,0.00148809523809524,-0.9544,-0.3383,0.7528
"177","Balzac-Goriot",", ADJ , PPRES",2,2311,0.000865426222414539,0.8983,-0.3535,-0.3225
"178","Balzac-Goriot",", NP NP PRES",2,2311,0.000865426222414539,0.8983,-0.3535,-0.3225
"179","Balzac-Goriot",", de le ADJ",2,2311,0.000865426222414539,0.8983,-0.3535,-0.3225
"180","Balzac-Goriot",", en sorte que",2,2311,0.000865426222414539,0.8983,-0.3535,-0.3225
"181","Balzac-Goriot",", entre le NC",2,2311,0.000865426222414539,0.8983,-0.3535,-0.3225
"182","Balzac-Goriot",", le NC ,",2,2311,0.000865426222414539,0.5386,-0.5303,-0.4838
"183","Balzac-Goriot",", le NC NP",2,2311,0.000865426222414539,0.5386,-0.5303,-0.4838
"184","Balzac-Goriot",", le NC de",2,2311,0.000865426222414539,-0.6027,-0.9883,1.8914
"185","Balzac-Goriot",", le NC y",2,2311,0.000865426222414539,0.8983,-0.3535,-0.3225
"186","Balzac-Goriot",", le NCABS ,",2,2311,0.000865426222414539,0.8983,-0.3535,-0.3225
"187","Balzac-Goriot",", qui PRES un",2,2311,0.000865426222414539,0.8983,-0.3535,-0.3225
"188","Balzac-Goriot",", à NC ADJ",2,2311,0.000865426222414539,0.8983,-0.3535,-0.3225
"189","Balzac-Goriot",". ce NC ,",2,2311,0.000865426222414539,0.8983,-0.3535,-0.3225
"190","Balzac-Goriot",". elle être PPAS",2,2311,0.000865426222414539,0.8983,-0.3535,-0.3225
"191","Balzac-Goriot",". le NC ,",2,2311,0.000865426222414539,0.4388,-0.457,0.5612
"192","Balzac-Goriot",". le NC NP",2,2311,0.000865426222414539,0.8983,-0.3535,-0.3225
"193","Balzac-Goriot",". sous le NC",2,2311,0.000865426222414539,0.8983,-0.3535,-0.3225
"194","Balzac-Goriot","; un NC ADJ",2,2311,0.000865426222414539,0.8983,-0.3535,-0.3225
"195","Balzac-Goriot","ADJ , PPAS ,",2,2311,0.000865426222414539,0.5386,0.5842,-0.4838
"196","Balzac-Goriot","ADJ , PPRES ,",2,2311,0.000865426222414539,0.8983,-0.3535,-0.3225
"197","Balzac-Goriot","ADJ , de le",2,2311,0.000865426222414539,0.5386,0.5842,-0.4838
"198","Balzac-Goriot","ADJ , à NC",2,2311,0.000865426222414539,0.8983,-0.3535,-0.3225
"199","Balzac-Goriot","ADJ . le NC",2,2311,0.000865426222414539,0.3498,-0.7071,0.4362
"200","Balzac-Goriot","ADJ NC ADJ en",2,2311,0.000865426222414539,0.8983,-0.3535,-0.3225
"201","Balzac-Goriot","ADJ NP y PRES",2,2311,0.000865426222414539,0.8983,-0.3535,-0.3225
"202","Balzac-Goriot","ADJ de le NC",2,2311,0.000865426222414539,0.4388,-0.457,0.5612
"203","Balzac-Goriot","ADJ et ADJ NP",2,2311,0.000865426222414539,0.8983,-0.3535,-0.3225
"204","Balzac-Goriot","ADJ que le NC",2,2311,0.000865426222414539,0.8983,-0.3535,-0.3225
"205","Balzac-Goriot","ADJ à INF que",2,2311,0.000865426222414539,0.8983,-0.3535,-0.3225
"206","Balzac-Goriot","INF le NC ,",2,2311,0.000865426222414539,0.3498,0.3881,-0.6452
"207","Balzac-Goriot","NC , NP NP",2,2311,0.000865426222414539,0.8983,-0.3535,-0.3225
"208","Balzac-Goriot","NC , PRES INF",2,2311,0.000865426222414539,0.8983,-0.3535,-0.3225
"209","Balzac-Goriot","NC , PRES un",2,2311,0.000865426222414539,0.8983,-0.3535,-0.3225
"210","Balzac-Goriot","NC , en sorte",2,2311,0.000865426222414539,0.8983,-0.3535,-0.3225
"211","Balzac-Goriot","NC , et PPAS",2,2311,0.000865426222414539,0.5386,0.5842,-0.4838
"212","Balzac-Goriot","NC , un NC",2,2311,0.000865426222414539,0.5386,-0.5303,-0.4838
"213","Balzac-Goriot","NC , être PPAS",2,2311,0.000865426222414539,0.8983,-0.3535,-0.3225
"214","Balzac-Goriot","NC . ce NC",2,2311,0.000865426222414539,0.8983,-0.3535,-0.3225
"215","Balzac-Goriot","NC . il NP",2,2311,0.000865426222414539,0.8983,-0.3535,-0.3225
"216","Balzac-Goriot","NC . sous le",2,2311,0.000865426222414539,0.8983,-0.3535,-0.3225
"217","Balzac-Goriot","NC ; un NC",2,2311,0.000865426222414539,0.8983,-0.3535,-0.3225
"218","Balzac-Goriot","NC ADJ , à",2,2311,0.000865426222414539,0.3498,-0.7071,0.4362
"219","Balzac-Goriot","NC ADJ PRES à",2,2311,0.000865426222414539,0.8983,-0.3535,-0.3225
"220","Balzac-Goriot","NC ADJ de NC",2,2311,0.000865426222414539,0.5386,0.5842,-0.4838
"221","Balzac-Goriot","NC ADV ADJ pour",2,2311,0.000865426222414539,0.8983,-0.3535,-0.3225
"222","Balzac-Goriot","NC NP , PPAS",2,2311,0.000865426222414539,0.8983,-0.3535,-0.3225
"223","Balzac-Goriot","NC NP NC PPAS",2,2311,0.000865426222414539,0.8983,-0.3535,-0.3225
"224","Balzac-Goriot","NC PPAS , de",2,2311,0.000865426222414539,0.8983,-0.3535,-0.3225
"225","Balzac-Goriot","NC PPAS de NC",2,2311,0.000865426222414539,-0.3791,-0.884,0.7528
"226","Balzac-Goriot","NC PPAS par le",2,2311,0.000865426222414539,0.5386,-0.5303,-0.4838
"227","Balzac-Goriot","NC PPAS à le",2,2311,0.000865426222414539,-0.3791,-0.884,0.7528
"228","Balzac-Goriot","NC de NC ,",2,2311,0.000865426222414539,-0.8478,-0.4088,1.3391
"229","Balzac-Goriot","NC de NC à",2,2311,0.000865426222414539,0.8983,-0.3535,-0.3225
"230","Balzac-Goriot","NC de NP ,",2,2311,0.000865426222414539,0.3498,-0.7071,0.4362
"231","Balzac-Goriot","NC de NP PRES",2,2311,0.000865426222414539,0.8983,-0.3535,-0.3225
"232","Balzac-Goriot","NC dont le NC",2,2311,0.000865426222414539,0.5386,-0.5303,-0.4838
"233","Balzac-Goriot","NC en se PPRES",2,2311,0.000865426222414539,0.8983,-0.3535,-0.3225
"234","Balzac-Goriot","NC et de le",2,2311,0.000865426222414539,0.8983,-0.3535,-0.3225
"235","Balzac-Goriot","NC ni NC ,",2,2311,0.000865426222414539,0.8983,-0.3535,-0.3225
"236","Balzac-Goriot","NC à ADJ NC",2,2311,0.000865426222414539,0.8983,-0.3535,-0.3225
"237","Balzac-Goriot","NC à NC qui",2,2311,0.000865426222414539,0.8983,-0.3535,-0.3225
"238","Balzac-Goriot","NC être PPAS NP",2,2311,0.000865426222414539,0.8983,-0.3535,-0.3225
"239","Balzac-Goriot","NC être PPAS un",2,2311,0.000865426222414539,0.8983,-0.3535,-0.3225
"240","Balzac-Goriot","NCABS de le NC",2,2311,0.000865426222414539,0.5386,-0.5303,-0.4838
"241","Balzac-Goriot","NP , PPAS de",2,2311,0.000865426222414539,0.8983,-0.3535,-0.3225
"242","Balzac-Goriot","NP NC de le",2,2311,0.000865426222414539,0.8983,-0.3535,-0.3225
"243","Balzac-Goriot","NP NP être plus",2,2311,0.000865426222414539,0.8983,-0.3535,-0.3225
"244","Balzac-Goriot","NP PRES le NC",2,2311,0.000865426222414539,0.8983,-0.3535,-0.3225
"245","Balzac-Goriot","NP PRES un NC",2,2311,0.000865426222414539,0.8983,-0.3535,-0.3225
"246","Balzac-Goriot","NP avoir ni NC",2,2311,0.000865426222414539,0.8983,-0.3535,-0.3225
"247","Balzac-Goriot","NP entre le NC",2,2311,0.000865426222414539,0.8983,-0.3535,-0.3225
"248","Balzac-Goriot","NP et le NC",2,2311,0.000865426222414539,0.8983,-0.3535,-0.3225
"249","Balzac-Goriot","NP y PRES de",2,2311,0.000865426222414539,0.8983,-0.3535,-0.3225
"250","Balzac-Goriot","NP être plus ADJ",2,2311,0.000865426222414539,0.8983,-0.3535,-0.3225
"251","Balzac-Goriot","PPAS NP un NC",2,2311,0.000865426222414539,0.8983,-0.3535,-0.3225
"252","Balzac-Goriot","PPAS de NC ,",2,2311,0.000865426222414539,0.3184,0.3649,0.4248
"253","Balzac-Goriot","PPAS de NP ,",2,2311,0.000865426222414539,0.8983,-0.3535,-0.3225
"254","Balzac-Goriot","PPAS en NC et",2,2311,0.000865426222414539,0.5386,0.5842,-0.4838
"255","Balzac-Goriot","PPAS par le NC",2,2311,0.000865426222414539,0.3498,0.3881,0.4362
"256","Balzac-Goriot","PPAS par un NC",2,2311,0.000865426222414539,-0.3791,-0.3383,0.3075
"257","Balzac-Goriot","PPAS à le NC",2,2311,0.000865426222414539,-0.3791,-0.3383,0.3075
"258","Balzac-Goriot","PRES , de le",2,2311,0.000865426222414539,0.8983,-0.3535,-0.3225
"259","Balzac-Goriot","PRES dans ce NC",2,2311,0.000865426222414539,0.8983,-0.3535,-0.3225
"260","Balzac-Goriot","PRES par un NC",2,2311,0.000865426222414539,0.8983,-0.3535,-0.3225
"261","Balzac-Goriot","PRES un NC ADJ",2,2311,0.000865426222414539,0.8983,-0.3535,-0.3225
"262","Balzac-Goriot","PRES un NC en",2,2311,0.000865426222414539,0.8983,-0.3535,-0.3225
"263","Balzac-Goriot","PRES à le NC",2,2311,0.000865426222414539,0.8983,-0.3535,-0.3225
"264","Balzac-Goriot","avoir PPAS le NC",2,2311,0.000865426222414539,0.5386,0.5842,-0.4838
"265","Balzac-Goriot","avoir ni NC ni",2,2311,0.000865426222414539,0.8983,-0.3535,-0.3225
"266","Balzac-Goriot","ce NC à ADJ",2,2311,0.000865426222414539,0.8983,-0.3535,-0.3225
"267","Balzac-Goriot","de DETPOSS NC .",2,2311,0.000865426222414539,0.3498,0.3881,0.4362
"268","Balzac-Goriot","de NC , de",2,2311,0.000865426222414539,0.3498,0.3881,0.4362
"269","Balzac-Goriot","de NC en NC",2,2311,0.000865426222414539,0.8983,-0.3535,-0.3225
"270","Balzac-Goriot","de NC et de",2,2311,0.000865426222414539,0.3184,-0.5826,0.8555
"271","Balzac-Goriot","de ce NC ,",2,2311,0.000865426222414539,0.8983,-0.3535,-0.3225
"272","Balzac-Goriot","de ce NC ADJ",2,2311,0.000865426222414539,0.8983,-0.3535,-0.3225
"273","Balzac-Goriot","de chaque NC ,",2,2311,0.000865426222414539,0.8983,-0.3535,-0.3225
"274","Balzac-Goriot","de le NC ;",2,2311,0.000865426222414539,0.4388,-0.457,0.5612
"275","Balzac-Goriot","de le NC en",2,2311,0.000865426222414539,0.5386,0.5842,-0.4838
"276","Balzac-Goriot","de le NC ou",2,2311,0.000865426222414539,0.5386,-0.5303,-0.4838
"277","Balzac-Goriot","de le NC par",2,2311,0.000865426222414539,0.8983,-0.3535,-0.3225
"278","Balzac-Goriot","de le NC se",2,2311,0.000865426222414539,0.8983,-0.3535,-0.3225
"279","Balzac-Goriot","en NC , et",2,2311,0.000865426222414539,0.8983,-0.3535,-0.3225
"280","Balzac-Goriot","en se PPRES de",2,2311,0.000865426222414539,0.8983,-0.3535,-0.3225
"281","Balzac-Goriot","entre le NC ADJ",2,2311,0.000865426222414539,0.8983,-0.3535,-0.3225
"282","Balzac-Goriot","entre le NC de",2,2311,0.000865426222414539,0.8983,-0.3535,-0.3225
"283","Balzac-Goriot","et PPAS de NC",2,2311,0.000865426222414539,-0.3791,-0.3383,0.3075
"284","Balzac-Goriot","et de NC ADJ",2,2311,0.000865426222414539,0.5386,-0.5303,-0.4838
"285","Balzac-Goriot","et de le NC",2,2311,0.000865426222414539,0.5386,0.5842,-0.4838
"286","Balzac-Goriot","il NP y PRES",2,2311,0.000865426222414539,0.8983,-0.3535,-0.3225
"287","Balzac-Goriot","le NC , PRES",2,2311,0.000865426222414539,0.8983,-0.3535,-0.3225
"288","Balzac-Goriot","le NC , de",2,2311,0.000865426222414539,-0.7226,-0.3282,0.6326
"289","Balzac-Goriot","le NC , ou",2,2311,0.000865426222414539,0.8983,-0.3535,-0.3225
"290","Balzac-Goriot","le NC , un",2,2311,0.000865426222414539,0.5386,-0.5303,-0.4838
"291","Balzac-Goriot","le NC . le",2,2311,0.000865426222414539,0.5386,-0.5303,-0.4838
"292","Balzac-Goriot","le NC ; elle",2,2311,0.000865426222414539,0.8983,-0.3535,-0.3225
"293","Balzac-Goriot","le NC ADJ PRES",2,2311,0.000865426222414539,0.8983,-0.3535,-0.3225
"294","Balzac-Goriot","le NC NP NP",2,2311,0.000865426222414539,0.8983,-0.3535,-0.3225
"295","Balzac-Goriot","le NC NP PRES",2,2311,0.000865426222414539,0.8983,-0.3535,-0.3225
"296","Balzac-Goriot","le NC PRES à",2,2311,0.000865426222414539,0.8983,-0.3535,-0.3225
"297","Balzac-Goriot","le NC avoir PPAS",2,2311,0.000865426222414539,0.8983,-0.3535,-0.3225
"298","Balzac-Goriot","le NC et le",2,2311,0.000865426222414539,-0.489,-1.5917,2.2791
"299","Balzac-Goriot","le NC le PRES",2,2311,0.000865426222414539,0.8983,-0.3535,-0.3225
"300","Balzac-Goriot","le NC ou de",2,2311,0.000865426222414539,0.8983,-0.3535,-0.3225
"301","Balzac-Goriot","le NC qui PRES",2,2311,0.000865426222414539,0.8983,-0.3535,-0.3225
"302","Balzac-Goriot","le NC être ADJ",2,2311,0.000865426222414539,0.3498,0.3881,0.4362
"303","Balzac-Goriot","ni NC ni NC",2,2311,0.000865426222414539,0.8983,-0.3535,-0.3225
"304","Balzac-Goriot","ou de le NC",2,2311,0.000865426222414539,0.8983,-0.3535,-0.3225
"305","Balzac-Goriot","plus ADJ à INF",2,2311,0.000865426222414539,0.8983,-0.3535,-0.3225
"306","Balzac-Goriot","que le NC PRES",2,2311,0.000865426222414539,0.8983,-0.3535,-0.3225
"307","Balzac-Goriot","si elle NP avoir",2,2311,0.000865426222414539,0.8983,-0.3535,-0.3225
"308","Balzac-Goriot","sous le NC de",2,2311,0.000865426222414539,0.3498,0.3881,0.4362
"309","Balzac-Goriot","sur le NC NP",2,2311,0.000865426222414539,0.8983,-0.3535,-0.3225
"310","Balzac-Goriot","un ADJ NC ,",2,2311,0.000865426222414539,0.3498,0.3881,0.4362
"311","Balzac-Goriot","un ADJ NC qui",2,2311,0.000865426222414539,0.8983,-0.3535,-0.3225
"312","Balzac-Goriot","un NC . ce",2,2311,0.000865426222414539,0.8983,-0.3535,-0.3225
"313","Balzac-Goriot","un NC ADJ ADV",2,2311,0.000865426222414539,0.8983,-0.3535,-0.3225
"314","Balzac-Goriot","un NC ADJ NP",2,2311,0.000865426222414539,0.8983,-0.3535,-0.3225
"315","Balzac-Goriot","un NC ADJ PPAS",2,2311,0.000865426222414539,0.8983,-0.3535,-0.3225
"316","Balzac-Goriot","un NC ADJ en",2,2311,0.000865426222414539,0.8983,-0.3535,-0.3225
"317","Balzac-Goriot","un NC ADJ à",2,2311,0.000865426222414539,0.8983,-0.3535,-0.3225
"318","Balzac-Goriot","un NC sur lequel",2,2311,0.000865426222414539,0.8983,-0.3535,-0.3225
"319","Balzac-Goriot","y PRES le NC",2,2311,0.000865426222414539,0.8983,-0.3535,-0.3225
"320","Balzac-Goriot","à NC ADJ ,",2,2311,0.000865426222414539,0.8983,-0.3535,-0.3225
"321","Balzac-Goriot","à le NC ,",2,2311,0.000865426222414539,-0.9775,0.3458,0.7286
"322","Balzac-Goriot","à le NC le",2,2311,0.000865426222414539,0.8983,-0.3535,-0.3225
"323","Balzac-Goriot","à le NP .",2,2311,0.000865426222414539,0.8983,-0.3535,-0.3225
"324","Balzac-Goriot","être ADJ à le",2,2311,0.000865426222414539,0.8983,-0.3535,-0.3225
"325","Balzac-Goriot","être PPAS . le",2,2311,0.000865426222414539,0.8983,-0.3535,-0.3225
"326","Balzac-Goriot","être PPAS de le",2,2311,0.000865426222414539,0.5386,0.5842,-0.4838
"327","Balzac-Goriot","être PPAS un NC",2,2311,0.000865426222414539,0.8983,-0.3535,-0.3225
"328","Balzac-Goriot","être comme un NC",2,2311,0.000865426222414539,0.8983,-0.3535,-0.3225
"329","Balzac-Goriot","être plus ADJ à",2,2311,0.000865426222414539,0.8983,-0.3535,-0.3225
"330","Flaubert-Bovary",", VIMP , VIMP",2,2173,0.00092038656235619,-0.3816,0.9518,-0.3225
"331","Flaubert-Bovary",", VPS en NC",2,2173,0.00092038656235619,-0.3816,0.9518,-0.3225
"332","Flaubert-Bovary",", avec de le",2,2173,0.00092038656235619,-0.3816,0.9518,-0.3225
"333","Flaubert-Bovary",", comme un NC",2,2173,0.00092038656235619,0.5386,0.5842,-0.4838
"334","Flaubert-Bovary",", et le NC",2,2173,0.00092038656235619,-0.3816,0.9518,-0.3225
"335","Flaubert-Bovary",", il le VPS",2,2173,0.00092038656235619,-0.5725,0.5842,-0.4838
"336","Flaubert-Bovary",", le NC être",2,2173,0.00092038656235619,0.5386,0.5842,-0.4838
"337","Flaubert-Bovary",", on VIMP ,",2,2173,0.00092038656235619,-0.3816,0.9518,-0.3225
"338","Flaubert-Bovary",", quand le NC",2,2173,0.00092038656235619,-0.3816,0.9518,-0.3225
"339","Flaubert-Bovary",", sans se INF",2,2173,0.00092038656235619,-0.3816,0.9518,-0.3225
"340","Flaubert-Bovary",", si bien que",2,2173,0.00092038656235619,-0.3816,0.9518,-0.3225
"341","Flaubert-Bovary",", un NC ADJ",2,2173,0.00092038656235619,0.3498,0.3881,0.4362
"342","Flaubert-Bovary",". DETPOSS NC le",2,2173,0.00092038656235619,-0.3816,0.9518,-0.3225
"343","Flaubert-Bovary",". ce être un",2,2173,0.00092038656235619,-0.5725,0.5842,-0.4838
"344","Flaubert-Bovary","ADJ , ADJ ,",2,2173,0.00092038656235619,-0.3816,0.9518,-0.3225
"345","Flaubert-Bovary","ADJ NC de NC",2,2173,0.00092038656235619,-0.5105,0.4928,0.5612
"346","Flaubert-Bovary","ADJ de un NC",2,2173,0.00092038656235619,-0.3816,0.9518,-0.3225
"347","Flaubert-Bovary","DETPOSS NC , VPS",2,2173,0.00092038656235619,-0.3816,0.9518,-0.3225
"348","Flaubert-Bovary","DETPOSS NC , il",2,2173,0.00092038656235619,-0.7634,0.3881,0.4362
"349","Flaubert-Bovary","DETPOSS NC . le",2,2173,0.00092038656235619,-0.3791,-0.3383,0.3075
"350","Flaubert-Bovary","DETPOSS NC à le",2,2173,0.00092038656235619,-0.3816,0.9518,-0.3225
"351","Flaubert-Bovary","INF en NC .",2,2173,0.00092038656235619,0.5386,0.5842,-0.4838
"352","Flaubert-Bovary","INF le NC ,",2,2173,0.00092038656235619,0.3498,0.3881,-0.6452
"353","Flaubert-Bovary","INF sans NC ,",2,2173,0.00092038656235619,-0.3816,0.9518,-0.3225
"354","Flaubert-Bovary","INF sur DETPOSS NCCOR",2,2173,0.00092038656235619,-0.3816,0.9518,-0.3225
"355","Flaubert-Bovary","INF un ADJ NC",2,2173,0.00092038656235619,-0.3816,0.9518,-0.3225
"356","Flaubert-Bovary","NC , VIMP de",2,2173,0.00092038656235619,-0.5725,0.5842,-0.4838
"357","Flaubert-Bovary","NC , VPS en",2,2173,0.00092038656235619,-0.3816,0.9518,-0.3225
"358","Flaubert-Bovary","NC , de INF",2,2173,0.00092038656235619,-0.5725,0.5842,-0.4838
"359","Flaubert-Bovary","NC , de le",2,2173,0.00092038656235619,0.3926,-0.4264,-0.3606
"360","Flaubert-Bovary","NC , de un",2,2173,0.00092038656235619,-0.3816,0.9518,-0.3225
"361","Flaubert-Bovary","NC , en NC",2,2173,0.00092038656235619,-0.5725,0.5842,-0.4838
"362","Flaubert-Bovary","NC , et le",2,2173,0.00092038656235619,-0.3816,0.9518,-0.3225
"363","Flaubert-Bovary","NC , il VPS",2,2173,0.00092038656235619,-0.7634,0.3881,0.4362
"364","Flaubert-Bovary","NC , il ne",2,2173,0.00092038656235619,-0.3816,0.9518,-0.3225
"365","Flaubert-Bovary","NC , le NC",2,2173,0.00092038656235619,0.6481,-0.7471,-0.3359
"366","Flaubert-Bovary","NC , lui VIMP",2,2173,0.00092038656235619,-0.3816,0.9518,-0.3225
"367","Flaubert-Bovary","NC , ne PPRES",2,2173,0.00092038656235619,-0.3816,0.9518,-0.3225
"368","Flaubert-Bovary","NC , quand le",2,2173,0.00092038656235619,-0.3816,0.9518,-0.3225
"369","Flaubert-Bovary","NC , se VIMP",2,2173,0.00092038656235619,-0.3816,0.9518,-0.3225
"370","Flaubert-Bovary","NC , si bien",2,2173,0.00092038656235619,-0.3816,0.9518,-0.3225
"371","Flaubert-Bovary","NC . elle être",2,2173,0.00092038656235619,-0.3816,0.9518,-0.3225
"372","Flaubert-Bovary","NC . il le",2,2173,0.00092038656235619,-0.3816,0.9518,-0.3225
"373","Flaubert-Bovary","NC . il se",2,2173,0.00092038656235619,-0.5725,0.5842,-0.4838
"374","Flaubert-Bovary","NC ; et ,",2,2173,0.00092038656235619,-0.3816,0.9518,-0.3225
"375","Flaubert-Bovary","NC ADJ , PPAS",2,2173,0.00092038656235619,0.613,-0.3383,-0.8065
"376","Flaubert-Bovary","NC ADJ . IMP",2,2173,0.00092038656235619,-0.3816,0.9518,-0.3225
"377","Flaubert-Bovary","NC de NC de",2,2173,0.00092038656235619,-0.3816,0.9518,-0.3225
"378","Flaubert-Bovary","NC de NC qui",2,2173,0.00092038656235619,0.5386,0.5842,-0.4838
"379","Flaubert-Bovary","NC de un NC",2,2173,0.00092038656235619,-0.7634,0.3881,0.4362
"380","Flaubert-Bovary","NC sur le NC",2,2173,0.00092038656235619,-0.3816,0.9518,-0.3225
"381","Flaubert-Bovary","NP NP NP NP",2,2173,0.00092038656235619,-0.3816,0.9518,-0.3225
"382","Flaubert-Bovary","PPAS . le NC",2,2173,0.00092038656235619,0.9086,0.4928,-0.9679
"383","Flaubert-Bovary","PPAS dans le NC",2,2173,0.00092038656235619,0.3498,0.3881,0.4362
"384","Flaubert-Bovary","PPAS de NC ,",2,2173,0.00092038656235619,0.3184,0.3649,0.4248
"385","Flaubert-Bovary","PPAS de le NC",2,2173,0.00092038656235619,0.5386,0.5842,-0.4838
"386","Flaubert-Bovary","PPAS de un NC",2,2173,0.00092038656235619,-0.5725,0.5842,-0.4838
"387","Flaubert-Bovary","PPRES beaucoup de NC",2,2173,0.00092038656235619,-0.3816,0.9518,-0.3225
"388","Flaubert-Bovary","VIMP DETPOSS NC à",2,2173,0.00092038656235619,-0.3816,0.9518,-0.3225
"389","Flaubert-Bovary","VIMP le NC ,",2,2173,0.00092038656235619,-0.5725,0.5842,-0.4838
"390","Flaubert-Bovary","VIMP un ADJ NC",2,2173,0.00092038656235619,-0.3816,0.9518,-0.3225
"391","Flaubert-Bovary","VPS dans le NC",2,2173,0.00092038656235619,-0.3816,0.9518,-0.3225
"392","Flaubert-Bovary","VPS en NC ,",2,2173,0.00092038656235619,-0.3816,0.9518,-0.3225
"393","Flaubert-Bovary","VPS le NC ,",2,2173,0.00092038656235619,-0.5725,0.5842,-0.4838
"394","Flaubert-Bovary","chez le NC ,",2,2173,0.00092038656235619,-0.3816,0.9518,-0.3225
"395","Flaubert-Bovary","dans de le NC",2,2173,0.00092038656235619,-0.3816,0.9518,-0.3225
"396","Flaubert-Bovary","dans le NC et",2,2173,0.00092038656235619,-0.3816,0.9518,-0.3225
"397","Flaubert-Bovary","dans un NCABS ADJ",2,2173,0.00092038656235619,-0.3816,0.9518,-0.3225
"398","Flaubert-Bovary","de NC ADJ ,",2,2173,0.00092038656235619,-0.3791,-0.3383,0.3075
"399","Flaubert-Bovary","de NC qui VIMP",2,2173,0.00092038656235619,-0.3816,0.9518,-0.3225
"400","Flaubert-Bovary","de le NC ADJ",2,2173,0.00092038656235619,0.4607,-0.6349,0.337
"401","Flaubert-Bovary","dès le NC de",2,2173,0.00092038656235619,-0.3816,0.9518,-0.3225
"402","Flaubert-Bovary","en NC , VIMP",2,2173,0.00092038656235619,-0.3816,0.9518,-0.3225
"403","Flaubert-Bovary","en NC PPAS ,",2,2173,0.00092038656235619,-0.3816,0.9518,-0.3225
"404","Flaubert-Bovary","et PPAS de NC",2,2173,0.00092038656235619,-0.3791,-0.3383,0.3075
"405","Flaubert-Bovary","il VIMP DETPOSS NC",2,2173,0.00092038656235619,-0.5725,0.5842,-0.4838
"406","Flaubert-Bovary","il ne se VIMP",2,2173,0.00092038656235619,-0.3816,0.9518,-0.3225
"407","Flaubert-Bovary","le ADJ , PPRES",2,2173,0.00092038656235619,-0.3816,0.9518,-0.3225
"408","Flaubert-Bovary","le ADJ NC ,",2,2173,0.00092038656235619,0.3184,0.3649,0.4248
"409","Flaubert-Bovary","le NC , le",2,2173,0.00092038656235619,0.3926,-0.4264,-0.3606
"410","Flaubert-Bovary","le NC , où",2,2173,0.00092038656235619,-0.3816,0.9518,-0.3225
"411","Flaubert-Bovary","le NC , pour",2,2173,0.00092038656235619,-0.3816,0.9518,-0.3225
"412","Flaubert-Bovary","le NC , se",2,2173,0.00092038656235619,-0.3816,0.9518,-0.3225
"413","Flaubert-Bovary","le NC . mais",2,2173,0.00092038656235619,-0.3816,0.9518,-0.3225
"414","Flaubert-Bovary","le NC . à",2,2173,0.00092038656235619,-0.3816,0.9518,-0.3225
"415","Flaubert-Bovary","le NCCOR , le",2,2173,0.00092038656235619,-0.3816,0.9518,-0.3225
"416","Flaubert-Bovary","lui VIMP de le",2,2173,0.00092038656235619,-0.3816,0.9518,-0.3225
"417","Flaubert-Bovary","par le NC de",2,2173,0.00092038656235619,0.5386,0.5842,-0.4838
"418","Flaubert-Bovary","que il ne avoir",2,2173,0.00092038656235619,-0.3816,0.9518,-0.3225
"419","Flaubert-Bovary","se INF sur le",2,2173,0.00092038656235619,-0.3816,0.9518,-0.3225
"420","Flaubert-Bovary","se VPS dans le",2,2173,0.00092038656235619,-0.3816,0.9518,-0.3225
"421","Flaubert-Bovary","sur le NCCOR ,",2,2173,0.00092038656235619,-0.3816,0.9518,-0.3225
"422","Flaubert-Bovary","un ADJ NC .",2,2173,0.00092038656235619,-0.5725,0.5842,-0.4838
"423","Flaubert-Bovary","un ADJ NC de",2,2173,0.00092038656235619,-0.9544,-0.3383,0.7528
"424","Flaubert-Bovary","un NC ADJ .",2,2173,0.00092038656235619,0.3498,0.3881,0.4362
"425","Flaubert-Bovary","à DETPOSS NC .",2,2173,0.00092038656235619,-0.3816,0.9518,-0.3225
"426","Flaubert-Bovary","à INF le NC",2,2173,0.00092038656235619,0.3184,0.3649,0.4248
"427","Flaubert-Bovary","à le NCCOR ,",2,2173,0.00092038656235619,0.5386,0.5842,-0.4838
"428","Flaubert-Bovary","être un NC de",2,2173,0.00092038656235619,-0.3816,0.9518,-0.3225
"429","Huysmans-Rebours",", ADJ et ADJ",2,2016,0.000992063492063492,0.5386,-0.5303,0.6404
"430","Huysmans-Rebours",", PPRES de le",2,2016,0.000992063492063492,-0.5725,0.5842,0.6404
"431","Huysmans-Rebours",", de NC ADJ",2,2016,0.000992063492063492,-0.3816,-0.3535,1.017
"432","Huysmans-Rebours",", de le NC",2,2016,0.000992063492063492,1.2973,-0.4955,-0.7425
"433","Huysmans-Rebours",", il VPS le",2,2016,0.000992063492063492,-0.3816,-0.3535,1.017
"434","Huysmans-Rebours",", ils ne VPS",2,2016,0.000992063492063492,-0.3816,-0.3535,1.017
"435","Huysmans-Rebours",", le ADJ NC",2,2016,0.000992063492063492,-0.3816,-0.3535,1.017
"436","Huysmans-Rebours",", le NC et",2,2016,0.000992063492063492,-0.3816,-0.3535,1.017
"437","Huysmans-Rebours",", par NCABS ,",2,2016,0.000992063492063492,-0.3816,-0.3535,1.017
"438","Huysmans-Rebours",". celui là être",2,2016,0.000992063492063492,-0.3816,-0.3535,1.017
"439","Huysmans-Rebours","; le NC de",2,2016,0.000992063492063492,-0.3816,-0.3535,1.017
"440","Huysmans-Rebours","ADJ . le NC",2,2016,0.000992063492063492,0.3498,-0.7071,0.4362
"441","Huysmans-Rebours","ADJ NC , le",2,2016,0.000992063492063492,-0.3816,-0.3535,1.017
"442","Huysmans-Rebours","ADJ dans le NC",2,2016,0.000992063492063492,0.5386,-0.5303,0.6404
"443","Huysmans-Rebours","ADJ et PPAS ,",2,2016,0.000992063492063492,-0.3816,-0.3535,1.017
"444","Huysmans-Rebours","ADJ et le NC",2,2016,0.000992063492063492,0.5386,-0.5303,0.6404
"445","Huysmans-Rebours","ADJ et plus ADJ",2,2016,0.000992063492063492,-0.3816,-0.3535,1.017
"446","Huysmans-Rebours","DETPOSS NC , il",2,2016,0.000992063492063492,-0.7634,0.3881,0.4362
"447","Huysmans-Rebours","DETPOSS NC . le",2,2016,0.000992063492063492,-0.3791,-0.3383,0.3075
"448","Huysmans-Rebours","DETPOSS NC ADJ et",2,2016,0.000992063492063492,-0.3816,-0.3535,1.017
"449","Huysmans-Rebours","INF à le NC",2,2016,0.000992063492063492,-0.5105,0.4928,-0.3997
"450","Huysmans-Rebours","NC , ADJ et",2,2016,0.000992063492063492,-0.3816,-0.3535,1.017
"451","Huysmans-Rebours","NC , DETPOSS NC",2,2016,0.000992063492063492,-0.5725,0.5842,0.6404
"452","Huysmans-Rebours","NC , PPAS par",2,2016,0.000992063492063492,-0.3816,-0.3535,1.017
"453","Huysmans-Rebours","NC , PPRES de",2,2016,0.000992063492063492,-0.5725,0.5842,0.6404
"454","Huysmans-Rebours","NC , dans le",2,2016,0.000992063492063492,-0.3816,-0.3535,1.017
"455","Huysmans-Rebours","NC , il VIMP",2,2016,0.000992063492063492,-0.3816,-0.3535,1.017
"456","Huysmans-Rebours","NC , il VPS",2,2016,0.000992063492063492,-0.7634,0.3881,0.4362
"457","Huysmans-Rebours","NC , le ADJ",2,2016,0.000992063492063492,0.5386,-0.5303,0.6404
"458","Huysmans-Rebours","NC ; DETPOSS NC",2,2016,0.000992063492063492,-0.5725,0.5842,0.6404
"459","Huysmans-Rebours","NC ; il VPS",2,2016,0.000992063492063492,-0.3816,-0.3535,1.017
"460","Huysmans-Rebours","NC ADJ , à",2,2016,0.000992063492063492,0.3498,-0.7071,0.4362
"461","Huysmans-Rebours","NC ADJ et NC",2,2016,0.000992063492063492,-0.3816,-0.3535,1.017
"462","Huysmans-Rebours","NC NC de le",2,2016,0.000992063492063492,-0.3816,-0.3535,1.017
"463","Huysmans-Rebours","NC PPAS , le",2,2016,0.000992063492063492,-0.3816,-0.3535,1.017
"464","Huysmans-Rebours","NC de ADJ NC",2,2016,0.000992063492063492,0.5386,-0.5303,0.6404
"465","Huysmans-Rebours","NC de NC ;",2,2016,0.000992063492063492,-0.5725,0.5842,0.6404
"466","Huysmans-Rebours","NC de NC PPAS",2,2016,0.000992063492063492,0.3498,0.3881,0.4362
"467","Huysmans-Rebours","NC de NC entre",2,2016,0.000992063492063492,-0.3816,-0.3535,1.017
"468","Huysmans-Rebours","NC de NP ,",2,2016,0.000992063492063492,0.3498,-0.7071,0.4362
"469","Huysmans-Rebours","NC de un NC",2,2016,0.000992063492063492,-0.7634,0.3881,0.4362
"470","Huysmans-Rebours","NC que ils VIMP",2,2016,0.000992063492063492,-0.3816,-0.3535,1.017
"471","Huysmans-Rebours","NC à NC ,",2,2016,0.000992063492063492,0.5386,-0.5303,0.6404
"472","Huysmans-Rebours","NC à le NC",2,2016,0.000992063492063492,-0.9544,0.6752,0.3075
"473","Huysmans-Rebours","NCABS , par NCABS",2,2016,0.000992063492063492,-0.3816,-0.3535,1.017
"474","Huysmans-Rebours","NCABS de DETPOSS NC",2,2016,0.000992063492063492,0.3498,0.3881,0.4362
"475","Huysmans-Rebours","NP , un NC",2,2016,0.000992063492063492,-0.5725,0.5842,0.6404
"476","Huysmans-Rebours","PPAS , le NC",2,2016,0.000992063492063492,-0.3816,-0.3535,1.017
"477","Huysmans-Rebours","PPAS de NC de",2,2016,0.000992063492063492,-0.3816,-0.3535,1.017
"478","Huysmans-Rebours","PPAS par un NC",2,2016,0.000992063492063492,-0.3791,-0.3383,0.3075
"479","Huysmans-Rebours","PPAS à le NC",2,2016,0.000992063492063492,-0.3791,-0.3383,0.3075
"480","Huysmans-Rebours","PPRES de le NC",2,2016,0.000992063492063492,0.3498,0.3881,0.4362
"481","Huysmans-Rebours","VIMP dans le NC",2,2016,0.000992063492063492,-0.5725,0.5842,0.6404
"482","Huysmans-Rebours","VIMP à le NC",2,2016,0.000992063492063492,-0.3816,-0.3535,1.017
"483","Huysmans-Rebours","VPS le NC de",2,2016,0.000992063492063492,-0.5725,0.5842,0.6404
"484","Huysmans-Rebours","dans le NC PPAS",2,2016,0.000992063492063492,-0.3816,-0.3535,1.017
"485","Huysmans-Rebours","dans le NC de",2,2016,0.000992063492063492,0.5386,-0.5303,0.6404
"486","Huysmans-Rebours","de ADJ NC ,",2,2016,0.000992063492063492,0.5386,-0.5303,0.6404
"487","Huysmans-Rebours","de DETPOSS NC ;",2,2016,0.000992063492063492,-0.3816,-0.3535,1.017
"488","Huysmans-Rebours","de NC , un",2,2016,0.000992063492063492,-0.3816,-0.3535,1.017
"489","Huysmans-Rebours","de NC ADJ ,",2,2016,0.000992063492063492,-0.3791,-0.3383,0.3075
"490","Huysmans-Rebours","de NC PPAS de",2,2016,0.000992063492063492,-0.5725,0.5842,0.6404
"491","Huysmans-Rebours","de NCABS ; à",2,2016,0.000992063492063492,-0.3816,-0.3535,1.017
"492","Huysmans-Rebours","de ce ADJ NC",2,2016,0.000992063492063492,0.5386,-0.5303,0.6404
"493","Huysmans-Rebours","de le NC PPAS",2,2016,0.000992063492063492,0.4388,-0.457,-0.3997
"494","Huysmans-Rebours","de le NP VPS",2,2016,0.000992063492063492,-0.3816,-0.3535,1.017
"495","Huysmans-Rebours","de le être ADJ",2,2016,0.000992063492063492,-0.3816,-0.3535,1.017
"496","Huysmans-Rebours","de un NC ,",2,2016,0.000992063492063492,-0.5725,0.5842,0.6404
"497","Huysmans-Rebours","de un NC de",2,2016,0.000992063492063492,-1.1454,0.9957,-0.3997
"498","Huysmans-Rebours","et de NC ,",2,2016,0.000992063492063492,-0.3816,-0.3535,1.017
"499","Huysmans-Rebours","et le NC ADJ",2,2016,0.000992063492063492,-0.3816,-0.3535,1.017
"500","Huysmans-Rebours","il VPS le NC",2,2016,0.000992063492063492,-0.3816,-0.3535,1.017
"501","Huysmans-Rebours","jusque à le NC",2,2016,0.000992063492063492,-0.3816,-0.3535,1.017
"502","Huysmans-Rebours","le ADJ NC ,",2,2016,0.000992063492063492,0.3184,0.3649,0.4248
"503","Huysmans-Rebours","le NC , PPAS",2,2016,0.000992063492063492,0.3498,0.3881,0.4362
"504","Huysmans-Rebours","le NC , VPS",2,2016,0.000992063492063492,-0.3816,-0.3535,1.017
"505","Huysmans-Rebours","le NC , sur",2,2016,0.000992063492063492,-0.3816,-0.3535,1.017
"506","Huysmans-Rebours","le NC , à",2,2016,0.000992063492063492,-0.5725,0.5842,0.6404
"507","Huysmans-Rebours","le NC . DETPOSS",2,2016,0.000992063492063492,-0.5725,0.5842,0.6404
"508","Huysmans-Rebours","le NC ; il",2,2016,0.000992063492063492,-0.3816,-0.3535,1.017
"509","Huysmans-Rebours","le NC ADJ .",2,2016,0.000992063492063492,-0.5725,0.5842,0.6404
"510","Huysmans-Rebours","le NC PPAS de",2,2016,0.000992063492063492,-0.3816,-0.3535,1.017
"511","Huysmans-Rebours","le NC PPAS par",2,2016,0.000992063492063492,-0.3816,-0.3535,1.017
"512","Huysmans-Rebours","le NC de ADJ",2,2016,0.000992063492063492,0.5386,-0.5303,0.6404
"513","Huysmans-Rebours","le NC de DETPOSS",2,2016,0.000992063492063492,-0.9544,0.6752,0.3075
"514","Huysmans-Rebours","le NC de un",2,2016,0.000992063492063492,-0.9544,0.6752,0.3075
"515","Huysmans-Rebours","le NC que ils",2,2016,0.000992063492063492,-0.3816,-0.3535,1.017
"516","Huysmans-Rebours","le NC à NC",2,2016,0.000992063492063492,0.5386,-0.5303,0.6404
"517","Huysmans-Rebours","le NCCOR ADJ ,",2,2016,0.000992063492063492,-0.3816,-0.3535,1.017
"518","Huysmans-Rebours","le NCCOR PPAS et",2,2016,0.000992063492063492,-0.3816,-0.3535,1.017
"519","Huysmans-Rebours","le VIMP à NCABS",2,2016,0.000992063492063492,-0.5725,0.5842,0.6404
"520","Huysmans-Rebours","le un de le",2,2016,0.000992063492063492,-0.3816,-0.3535,1.017
"521","Huysmans-Rebours","par NCABS , par",2,2016,0.000992063492063492,-0.3816,-0.3535,1.017
"522","Huysmans-Rebours","pour INF le NC",2,2016,0.000992063492063492,0.3498,0.3881,0.4362
"523","Huysmans-Rebours","sur un ADJ NP",2,2016,0.000992063492063492,-0.3816,-0.3535,1.017
"524","Huysmans-Rebours","un ADJ NC VIMP",2,2016,0.000992063492063492,-0.3816,-0.3535,1.017
"525","Huysmans-Rebours","un ADJ NCABS VPS",2,2016,0.000992063492063492,-0.3816,-0.3535,1.017
"526","Huysmans-Rebours","un NC PPAS ,",2,2016,0.000992063492063492,0.3498,0.3881,0.4362
"527","Huysmans-Rebours","à INF le NC",2,2016,0.000992063492063492,0.3184,0.3649,0.4248
"528","Huysmans-Rebours","à le NCCOR PPAS",2,2016,0.000992063492063492,-0.3816,-0.3535,1.017
"529","Huysmans-Rebours","à le NCCOR de",2,2016,0.000992063492063492,-0.5725,0.5842,0.6404
